id,generation,fitness,sharpe,pnl_pct,max_dd,profit_factor,win_rate,trades,avg_wl_ratio,fast_ma,slow_ma,ma_type,atr_period,atr_trail,pos_size_pct,regime_filter,regime_ma,min_bars,allow_shorts,red_day_entry
gen0_1,0,65.42,2.151,3.097,2.854,1.708,63.9,18,0.92,20,100,ema,14,4.00,20,false,100,0,true,false
gen0_2,0,44.23,-3.086,-1.455,2.201,0.802,29.2,16,1.72,12,33,sma,14,3.00,15,true,100,2,false,true
gen0_3,0,37.35,-6.941,-0.872,1.371,0.416,30.0,14,0.83,10,199,ema,17,1.90,11,true,107,14,true,false
gen0_4,0,61.23,0.630,6.426,5.475,1.608,46.8,22,1.61,20,44,sma,19,4.05,37,false,125,9,false,false
gen0_5,0,27.36,-4.464,-4.806,9.659,0.581,36.9,27,1.04,6,45,ema,12,3.36,36,true,166,13,true,false
gen0_6,0,45.65,-21.509,-1.235,2.469,3.416,44.4,7,3.50,50,67,ema,14,2.41,29,true,51,8,false,false
gen0_7,0,61.10,0.515,1.972,2.849,2.948,50.0,16,1.45,35,112,ema,17,2.84,23,false,150,1,true,false
gen0_8,0,29.42,-130.977,-0.788,0.788,0.000,0.0,6,0.00,29,82,ema,15,1.70,18,false,144,12,false,false
gen0_9,0,63.10,0.000,7.001,0.074,6.667,66.7,3,6.67,45,79,sma,17,5.37,40,true,189,6,false,false
gen0_10,0,46.64,-27.210,-0.539,0.861,0.766,27.8,13,1.27,31,72,sma,20,3.42,5,false,118,3,false,false
gen0_11,0,78.92,8.626,8.560,0.456,11.964,72.2,9,7.84,13,119,sma,13,4.40,26,false,136,1,false,false
gen0_12,0,46.84,-5.041,-0.705,1.159,0.714,46.7,13,0.73,37,190,ema,20,1.41,14,true,181,11,true,false
gen0_13,0,28.23,-8.144,-5.608,7.101,0.317,18.7,50,1.51,5,66,sma,16,2.46,17,false,124,3,true,true
gen0_14,0,51.51,-2.834,2.032,1.155,3.360,58.3,8,3.37,32,126,ema,8,4.28,20,false,150,3,false,false
gen0_15,0,69.29,5.482,4.449,1.512,4.137,64.4,13,4.54,34,69,sma,14,4.85,18,true,144,12,true,true
gen0_16,0,34.33,-10.988,-1.342,1.571,0.196,11.1,6,0.39,36,52,ema,8,2.09,33,true,128,1,false,true
gen0_17,0,65.60,3.789,1.556,0.654,33.101,59.5,15,11.23,10,112,sma,14,4.62,5,true,151,2,true,true
gen0_18,0,47.23,7.806,-0.193,0.243,3.333,33.3,6,3.33,32,153,sma,14,2.09,6,true,96,10,false,false
gen0_19,0,31.90,-37.032,-0.312,0.353,0.080,6.7,9,0.32,40,125,ema,19,1.49,6,true,162,3,false,false
gen0_20,0,51.77,-2.776,0.662,4.022,0.899,35.9,26,1.34,9,78,sma,16,2.71,25,false,132,11,true,false
gen0_21,0,57.78,32.923,0.329,2.549,3.834,58.3,8,3.98,31,111,ema,10,2.10,37,true,179,11,false,false
gen0_22,0,84.83,11.910,11.897,0.623,22.168,75.0,12,7.39,34,78,ema,21,5.75,17,false,100,9,true,true
gen0_23,0,31.39,-19.072,-1.466,1.683,0.142,23.3,9,0.15,12,92,sma,12,1.02,35,true,85,15,false,false
gen0_24,0,52.15,0.979,0.129,0.505,1.425,33.3,5,1.43,46,113,sma,16,3.15,13,true,131,11,false,false
gen0_25,0,36.98,-5.938,-2.963,6.189,0.606,37.6,26,0.74,10,71,sma,14,2.12,36,true,106,3,true,false
gen0_26,0,62.99,0.802,2.719,2.344,2.001,44.2,27,1.78,36,39,ema,16,3.77,14,false,56,3,true,false
gen0_27,0,60.26,-0.794,7.446,6.969,2.083,50.8,17,1.06,15,54,sma,8,4.59,38,true,150,9,true,false
gen0_28,0,46.05,-5.277,-0.588,0.888,0.681,44.4,9,0.69,11,179,ema,13,1.76,15,false,109,6,false,true
gen0_29,0,28.26,-11.919,-6.466,7.211,0.368,32.8,12,0.58,43,32,ema,10,3.28,36,false,54,14,false,false
gen0_30,0,66.38,2.832,8.285,0.612,5.742,50.0,4,5.74,25,42,ema,9,5.41,37,true,169,15,false,true
gen1_elite0,1,84.83,11.910,11.897,0.623,22.168,75.0,12,7.39,34,78,ema,21,5.75,17,false,100,9,true,true
gen1_elite1,1,78.92,8.626,8.560,0.456,11.964,72.2,9,7.84,13,119,sma,13,4.40,26,false,136,1,false,false
gen1_elite2,1,69.29,5.482,4.449,1.512,4.137,64.4,13,4.54,34,69,sma,14,4.85,18,true,144,12,true,true
gen1_elite3,1,66.38,2.832,8.285,0.612,5.742,50.0,4,5.74,25,42,ema,9,5.41,37,true,169,15,false,true
gen1_32,1,59.21,-1.653,2.600,3.278,1.446,31.5,22,2.21,13,78,ema,21,4.40,17,false,100,9,true,true
gen1_34,1,34.47,-6.655,-3.529,8.983,0.616,31.0,33,1.15,25,42,ema,17,2.84,37,false,150,1,true,false
gen1_36,1,82.46,11.163,2.528,0.119,10.059,82.2,11,5.75,20,112,sma,16,4.56,5,true,136,2,true,false
gen1_38,1,58.02,-1.009,1.857,1.715,1.904,41.7,22,1.93,36,39,ema,16,2.79,14,false,72,8,true,true
gen1_40,1,77.45,13.396,8.252,0.134,7.007,83.3,7,7.01,22,100,sma,14,4.62,20,false,151,2,false,false
gen1_42,1,53.50,-2.864,3.483,1.642,3.697,52.8,8,4.41,17,39,sma,16,6.62,43,true,169,18,false,true
gen1_44,1,66.61,2.432,0.314,0.465,1.609,50.0,8,2.04,34,112,sma,14,4.85,5,true,151,6,true,true
gen1_46,1,68.80,4.503,4.289,2.695,2.837,66.7,16,1.11,34,106,ema,21,3.68,18,false,100,3,true,false
gen1_48,1,74.92,9.045,14.687,2.832,22.586,58.3,16,8.42,35,112,ema,14,5.28,23,true,150,1,true,false
gen1_50,1,61.46,0.559,1.200,1.739,3.008,50.0,16,1.48,35,112,ema,17,2.84,14,false,37,3,true,false
gen1_52,1,40.21,-3.535,-3.688,7.699,0.685,25.7,78,1.93,9,20,ema,14,4.62,14,false,151,2,true,false
gen1_54,1,85.19,11.463,11.976,1.174,9.974,66.7,12,4.32,34,78,ema,21,6.79,17,false,100,9,true,true
gen1_56,1,78.92,8.626,8.560,0.456,11.964,72.2,9,7.84,13,119,sma,13,4.40,26,false,140,2,false,false
gen1_58,1,67.08,3.298,2.372,2.153,2.378,66.7,16,0.91,36,100,ema,14,4.00,14,false,56,0,true,false
gen1_60,1,46.41,-8.105,-0.105,2.091,0.979,29.2,15,1.55,10,116,sma,14,3.77,14,true,151,3,true,true
gen1_62,1,64.35,3.877,2.535,2.917,2.903,62.5,16,1.30,36,112,ema,13,3.06,23,false,56,1,true,false
gen1_64,1,58.34,-0.204,0.595,2.322,1.326,41.7,16,1.55,20,105,ema,14,2.86,20,false,136,1,true,false
gen1_66,1,52.02,-0.248,0.578,1.899,1.429,45.0,19,1.16,34,56,ema,13,2.90,14,false,100,3,true,true
gen1_68,1,65.73,2.157,7.790,2.346,6.167,50.0,10,6.17,25,100,ema,14,5.41,37,false,100,0,false,true
gen1_70,1,37.32,-2.374,-1.155,2.705,0.708,30.6,10,1.58,10,112,sma,13,3.27,26,true,151,1,false,false
gen1_72,1,68.52,6.755,2.598,0.599,4.629,58.4,21,4.69,10,103,sma,14,4.14,5,false,151,2,true,true
gen1_74,1,68.90,3.344,7.565,1.652,5.725,50.0,13,3.88,10,112,sma,17,4.62,23,false,164,1,false,false
gen1_76,1,32.39,-8.958,-2.680,5.141,0.462,24.4,12,0.85,25,42,sma,9,2.84,37,true,150,1,false,false
gen1_78,1,46.82,-1.130,-0.296,2.933,1.144,38.9,13,1.53,4,119,sma,19,4.85,26,true,121,4,false,false
gen1_80,1,68.80,4.864,2.571,0.387,4.516,64.3,17,4.56,10,112,ema,14,4.62,5,true,151,2,true,true
gen1_82,1,80.95,8.437,6.444,0.981,6.427,63.9,11,10.84,25,140,sma,14,5.41,13,true,151,2,true,true
gen2_elite0,2,85.19,11.463,11.976,1.174,9.974,66.7,12,4.32,34,78,ema,21,6.79,17,false,100,9,true,true
gen2_elite1,2,84.83,11.910,11.897,0.623,22.168,75.0,12,7.39,34,78,ema,21,5.75,17,false,100,9,true,true
gen2_elite2,2,82.46,11.163,2.528,0.119,10.059,82.2,11,5.75,20,112,sma,16,4.56,5,true,136,2,true,false
gen2_elite3,2,80.95,8.437,6.444,0.981,6.427,63.9,11,10.84,25,140,sma,14,5.41,13,true,151,2,true,true
gen2_84,2,79.40,9.624,2.402,0.000,10.000,100.0,7,10.00,20,103,sma,14,4.56,5,true,136,2,true,true
gen2_86,2,57.46,-2.163,4.186,5.343,1.477,41.7,13,1.45,25,42,sma,9,5.41,37,true,151,2,false,false
gen2_88,2,69.27,5.548,4.015,0.446,5.521,66.7,8,4.74,10,112,ema,14,4.62,13,false,164,1,false,true
gen2_90,2,77.10,7.184,1.422,0.502,4.817,66.7,13,4.82,20,140,sma,17,4.56,5,false,145,0,true,true
gen2_92,2,86.13,12.167,19.972,0.770,6.774,72.2,14,5.68,20,112,sma,13,4.56,26,false,136,1,true,false
gen2_94,2,68.14,2.097,8.352,1.031,4.617,50.0,5,4.62,17,93,sma,14,4.40,26,true,151,2,false,false
gen2_96,2,83.68,9.605,12.098,2.139,10.603,66.7,14,4.16,42,105,sma,21,5.75,20,false,136,1,true,false
gen2_98,2,79.46,7.255,1.630,0.235,5.187,72.2,10,4.71,22,112,sma,16,4.56,5,true,151,4,true,true
gen2_100,2,65.71,-0.313,3.745,0.945,13.172,47.2,9,12.24,25,119,ema,14,4.58,13,false,151,2,false,false
gen2_102,2,81.59,8.688,6.516,0.925,6.041,63.9,11,9.44,25,140,sma,16,5.14,13,true,136,2,true,false
gen2_104,2,77.23,8.316,9.732,0.502,9.494,66.7,6,9.49,25,119,sma,13,5.23,26,false,147,2,false,true
gen2_106,2,53.52,-0.861,1.025,2.062,10.724,38.9,9,5.53,13,125,sma,13,4.40,30,false,136,3,false,false
gen2_108,2,28.78,-5.385,-3.800,8.487,0.514,35.7,22,0.68,25,42,sma,13,5.41,26,false,140,2,false,true
gen2_110,2,42.54,-28.335,-0.794,4.203,1.474,23.3,9,1.70,15,42,ema,10,4.14,37,true,151,2,false,true
gen2_112,2,76.32,6.310,2.752,0.313,5.995,58.3,9,10.42,23,140,sma,13,5.41,13,true,136,2,true,true
gen2_114,2,78.59,9.197,1.760,0.000,10.000,100.0,6,10.00,20,112,sma,13,4.56,5,true,136,2,false,false
gen2_116,2,85.40,15.122,21.028,2.182,8.405,68.9,15,9.78,29,91,sma,9,6.79,26,false,100,9,true,false
gen2_118,2,78.43,11.224,6.749,1.342,4.598,68.9,11,4.67,25,78,sma,14,6.79,19,true,108,9,true,true
gen2_120,2,64.53,1.385,9.765,3.650,3.473,41.7,10,3.58,17,131,ema,9,5.41,37,false,136,1,false,false
gen2_122,2,75.38,10.399,12.257,1.204,5.583,62.9,16,5.38,20,74,ema,17,6.79,17,false,136,9,true,false
gen2_124,2,83.04,10.481,10.637,1.405,19.420,66.7,14,6.89,42,112,ema,21,6.79,17,false,100,9,true,true
gen2_126,2,56.91,1.663,1.399,1.831,3.530,58.3,18,1.50,11,140,sma,14,2.86,20,false,137,1,true,false
gen2_128,2,60.23,-1.124,0.242,0.967,1.875,49.1,17,1.02,20,42,ema,9,5.41,5,true,169,2,true,false
gen2_130,2,53.17,4.598,1.770,0.598,3.333,33.3,7,3.33,25,140,ema,14,5.41,13,true,151,2,false,true
gen2_132,2,78.92,8.626,8.560,0.456,11.964,72.2,9,7.84,13,119,sma,13,4.40,26,false,136,1,false,false
gen2_134,2,75.43,9.027,9.360,2.366,7.090,59.5,15,3.10,25,120,ema,21,6.97,17,true,151,9,true,true
gen3_elite0,3,86.13,12.167,19.972,0.770,6.774,72.2,14,5.68,20,112,sma,13,4.56,26,false,136,1,true,false
gen3_elite1,3,85.40,15.122,21.028,2.182,8.405,68.9,15,9.78,29,91,sma,9,6.79,26,false,100,9,true,false
gen3_elite2,3,85.19,11.463,11.976,1.174,9.974,66.7,12,4.32,34,78,ema,21,6.79,17,false,100,9,true,true
gen3_elite3,3,84.83,11.910,11.897,0.623,22.168,75.0,12,7.39,34,78,ema,21,5.75,17,false,100,9,true,true
gen3_136,3,75.77,9.287,18.087,3.035,19.302,59.5,15,7.22,29,91,ema,9,5.41,29,false,94,2,true,false
gen3_138,3,85.64,9.990,16.346,1.981,17.399,72.2,11,5.97,25,119,sma,13,5.23,26,true,100,9,true,true
gen3_140,3,86.13,12.167,19.972,0.770,6.774,72.2,14,5.68,20,112,sma,13,4.56,26,false,136,1,true,false
gen3_142,3,89.36,14.167,24.730,0.229,34.579,79.2,16,16.23,25,105,sma,13,5.23,26,false,136,1,true,false
gen3_144,3,66.66,0.594,7.481,1.867,11.456,47.2,9,10.55,20,131,ema,13,4.56,26,false,136,2,false,false
gen3_146,3,87.06,13.605,12.440,0.361,11.494,83.3,12,6.05,34,78,ema,21,5.75,17,false,100,9,true,false
gen3_148,3,51.74,5.469,1.687,2.782,3.638,66.7,8,3.64,34,131,ema,10,4.36,37,true,100,9,false,true
gen3_150,3,88.39,16.365,17.757,0.291,19.561,79.2,15,12.38,25,105,sma,21,5.75,20,false,136,1,true,true
gen3_152,3,46.94,-2.227,1.161,2.058,3.333,33.3,7,3.33,29,158,ema,9,5.41,24,false,100,9,false,false
gen3_154,3,85.60,12.110,19.542,0.920,6.161,70.0,13,5.64,20,112,sma,13,4.56,26,false,136,9,true,false
gen3_156,3,74.34,9.116,10.454,2.244,9.037,61.1,14,3.53,29,91,ema,21,6.33,17,false,100,9,true,false
gen3_158,3,85.16,10.657,10.665,1.141,9.881,66.7,12,4.26,34,78,ema,24,7.98,17,true,100,9,true,false
gen3_160,3,67.57,5.650,8.900,1.270,5.296,50.0,6,5.30,34,78,ema,21,6.93,28,false,147,1,false,true
gen3_162,3,57.11,-0.514,0.260,0.804,1.677,54.2,18,0.89,16,105,ema,16,3.73,5,true,136,1,true,false
gen3_164,3,86.11,9.923,9.811,0.854,20.443,80.6,11,9.23,25,119,sma,21,5.23,17,true,100,1,true,false
gen3_166,3,82.29,12.680,3.321,0.201,14.285,70.0,13,5.45,37,78,ema,17,5.75,5,false,93,0,true,false
gen3_168,3,71.19,9.498,12.182,0.988,29.774,57.2,15,9.49,42,78,ema,21,5.75,17,false,84,9,true,true
gen3_170,3,66.75,4.384,4.230,1.899,2.978,38.9,6,2.61,29,78,ema,21,6.79,17,false,100,9,false,true
gen3_172,3,62.80,3.629,1.350,0.525,373.806,44.4,9,188.23,32,112,sma,12,4.56,5,true,169,6,true,true
gen3_174,3,72.64,10.945,12.866,2.460,7.594,65.0,18,5.69,42,112,ema,21,5.75,20,true,136,1,true,true
gen3_176,3,85.41,10.789,18.000,1.299,5.635,69.0,15,5.32,20,103,sma,14,4.56,26,false,112,1,true,false
gen3_178,3,68.30,4.358,11.915,1.886,7.902,55.6,9,6.42,13,131,sma,24,5.75,37,false,100,2,false,false
gen3_180,3,86.90,12.678,10.879,0.444,10.918,82.2,11,6.21,20,112,sma,13,4.56,19,true,136,2,true,false
gen3_182,3,70.04,6.389,9.070,4.045,4.353,51.7,18,2.63,42,131,ema,9,5.99,24,false,136,1,true,false
gen3_184,3,82.41,9.809,25.581,1.294,5.888,66.7,14,5.89,20,112,sma,13,5.41,37,false,136,1,true,false
gen3_186,3,75.77,8.859,10.979,2.136,9.771,59.5,15,4.00,29,131,ema,9,5.41,17,false,136,9,true,false
gen4_elite0,4,89.36,14.167,24.730,0.229,34.579,79.2,16,16.23,25,105,sma,13,5.23,26,false,136,1,true,false
gen4_elite1,4,88.39,16.365,17.757,0.291,19.561,79.2,15,12.38,25,105,sma,21,5.75,20,false,136,1,true,true
gen4_elite2,4,87.06,13.605,12.440,0.361,11.494,83.3,12,6.05,34,78,ema,21,5.75,17,false,100,9,true,false
gen4_elite3,4,86.90,12.678,10.879,0.444,10.918,82.2,11,6.21,20,112,sma,13,4.56,19,true,136,2,true,false
gen4_188,4,81.77,10.298,21.006,2.169,5.317,66.7,12,5.32,25,112,sma,13,4.56,30,false,107,9,true,true
gen4_190,4,86.96,11.085,13.240,0.609,10.478,82.2,11,5.98,20,112,sma,14,4.56,26,true,136,1,true,false
gen4_192,4,65.67,3.277,5.519,3.102,2.154,55.6,11,1.55,34,78,sma,13,5.23,17,false,124,9,false,false
gen4_194,4,85.94,12.170,19.236,0.900,7.492,72.2,14,5.93,20,104,sma,13,4.56,26,false,154,2,true,false
gen4_196,4,70.14,4.140,5.737,0.919,5.203,72.2,7,4.30,34,105,sma,21,5.75,17,false,100,9,false,false
gen4_198,4,88.75,14.057,19.468,0.219,20.198,79.2,16,11.65,25,105,sma,21,5.75,20,false,153,1,true,false
gen4_200,4,83.85,12.521,15.333,0.805,7.477,72.2,14,5.72,19,105,sma,13,5.00,19,false,158,2,true,false
gen4_202,4,75.91,10.730,21.376,2.013,6.259,75.0,12,4.52,25,112,sma,13,4.56,26,false,107,1,true,false
gen4_204,4,63.80,5.240,4.032,2.258,7.905,52.8,9,12.49,29,98,sma,13,5.75,19,true,136,2,true,false
gen4_206,4,61.79,2.921,5.474,3.394,8.104,47.9,16,3.49,25,104,ema,21,5.75,16,false,100,9,true,false
gen4_208,4,88.75,14.057,19.468,0.219,20.198,79.2,16,11.65,25,105,sma,21,5.75,20,false,136,1,true,false
gen4_210,4,48.44,-0.986,0.558,2.286,1.423,38.9,8,2.75,25,105,sma,21,4.41,17,true,136,1,true,true
gen4_212,4,72.19,8.871,11.157,1.937,4.583,73.3,14,4.17,28,78,ema,21,5.75,17,false,100,9,true,false
gen4_214,4,84.67,9.922,13.806,1.754,13.434,61.7,13,6.36,31,105,sma,17,5.75,20,false,136,1,true,true
gen4_216,4,32.99,-5.139,-2.436,5.114,0.566,31.2,16,1.32,20,112,ema,21,3.50,26,true,136,9,true,false
gen4_218,4,84.37,9.874,10.998,1.259,19.829,58.3,12,11.77,26,135,sma,21,5.75,17,false,136,14,true,true
gen4_220,4,51.52,0.711,2.138,3.489,1.201,33.3,9,1.20,4,133,sma,24,5.04,26,false,100,9,false,true
gen4_222,4,73.83,9.818,17.495,1.895,5.889,75.0,12,4.37,34,78,ema,15,4.56,26,false,136,9,true,false
gen4_224,4,55.53,-0.180,1.097,4.660,1.259,54.2,16,0.84,20,98,ema,13,3.44,32,false,136,1,true,false
gen4_226,4,86.82,11.991,21.226,1.353,14.495,75.0,12,4.83,25,111,sma,13,5.75,26,false,147,1,true,true
gen4_228,4,84.09,9.667,13.283,2.362,19.851,66.7,14,7.20,34,105,sma,21,5.75,19,false,100,9,true,true
gen4_230,4,63.17,1.188,7.160,2.382,4.241,46.7,11,2.64,13,94,sma,21,6.46,26,true,100,1,false,false
gen4_232,4,70.47,4.719,9.373,1.304,5.327,72.2,7,4.37,34,105,sma,21,5.43,26,false,100,9,false,false
gen4_234,4,64.79,2.595,4.051,3.491,1.965,58.3,12,1.35,28,135,sma,13,4.56,19,true,107,2,true,false
gen4_236,4,75.44,4.733,4.530,2.423,2.847,49.8,21,2.65,34,78,sma,25,5.75,10,false,100,9,true,false
gen4_238,4,65.32,2.641,6.203,4.958,2.123,58.3,14,1.59,30,112,sma,21,4.56,26,false,136,1,true,false
gen5_elite0,5,89.36,14.167,24.730,0.229,34.579,79.2,16,16.23,25,105,sma,13,5.23,26,false,136,1,true,false
gen5_elite1,5,88.75,14.057,19.468,0.219,20.198,79.2,16,11.65,25,105,sma,21,5.75,20,false,153,1,true,false
gen5_elite2,5,88.75,14.057,19.468,0.219,20.198,79.2,16,11.65,25,105,sma,21,5.75,20,false,136,1,true,false
gen5_elite3,5,88.39,16.365,17.757,0.291,19.561,79.2,15,12.38,25,105,sma,21,5.75,20,false,136,1,true,true
gen5_240,5,61.46,2.004,5.066,1.938,3.851,66.7,7,3.85,25,104,sma,21,4.56,26,false,154,1,false,false
gen5_242,5,52.72,0.462,2.017,1.018,3.624,52.8,9,3.96,13,126,ema,16,4.56,12,false,166,7,false,false
gen5_244,5,84.78,8.612,8.722,0.778,5.759,75.6,11,4.81,21,112,sma,14,4.56,19,true,136,2,true,false
gen5_246,5,66.67,2.780,3.692,2.775,2.779,59.5,15,1.20,34,112,ema,21,4.56,17,true,136,9,true,false
gen5_248,5,65.07,6.270,8.860,2.669,4.050,59.2,17,4.44,20,112,ema,14,4.56,19,true,151,2,true,false
gen5_250,5,67.42,6.405,5.858,1.100,9.116,50.0,8,9.12,32,105,ema,20,5.75,20,false,136,1,false,false
gen5_252,5,86.15,12.246,15.046,0.592,6.794,72.2,14,5.70,20,112,sma,13,4.56,20,false,154,2,true,false
gen5_254,5,71.06,5.057,4.777,0.993,23.670,75.0,7,10.35,20,105,sma,13,4.56,19,true,136,2,true,false
gen5_256,5,70.48,4.027,3.772,2.944,2.603,54.8,15,2.75,34,112,ema,17,4.87,17,false,136,9,true,false
gen5_258,5,85.45,11.120,11.944,1.181,11.768,77.8,9,7.55,25,105,sma,13,5.75,26,true,136,1,true,false
gen5_260,5,79.91,9.831,5.860,0.723,5.432,55.6,10,7.53,27,112,sma,13,4.56,10,true,137,2,true,true
gen5_262,5,86.89,12.414,16.657,0.861,19.906,75.0,12,6.64,25,111,sma,18,5.75,20,false,136,1,true,true
gen5_264,5,79.09,9.487,6.977,0.125,7.045,83.3,7,7.05,20,112,sma,13,4.56,20,false,136,1,false,false
gen5_266,5,88.91,12.779,19.668,0.574,31.097,83.3,12,12.59,20,133,sma,24,5.94,26,false,100,3,true,true
gen5_268,5,66.79,5.749,6.529,3.462,4.084,54.0,17,5.00,20,112,ema,14,5.75,17,true,100,9,true,false
gen5_270,5,51.52,0.711,2.138,3.489,1.201,33.3,9,1.20,4,133,sma,24,5.04,26,false,100,9,false,true
gen5_272,5,65.86,3.442,9.547,6.866,2.128,49.8,21,1.94,34,78,sma,9,5.75,26,false,100,10,true,false
gen5_274,5,67.87,4.487,10.513,2.886,7.637,45.8,20,4.47,25,105,ema,21,5.93,20,false,136,0,true,false
gen5_276,5,82.85,9.773,12.012,0.176,21.091,72.2,7,12.51,25,105,sma,13,5.62,30,false,136,3,false,false
gen5_278,5,80.68,10.677,17.453,2.054,200.438,62.5,16,67.45,20,105,ema,11,5.75,26,false,150,0,true,false
gen5_280,5,64.91,1.137,5.150,1.461,22.067,41.7,10,22.09,25,112,ema,13,4.34,20,true,136,1,false,false
gen5_282,5,75.83,9.527,12.894,2.510,18.191,58.3,16,7.00,34,105,ema,21,5.75,20,false,136,1,true,false
gen5_284,5,68.82,3.437,10.353,0.294,6.852,83.3,5,6.85,25,105,sma,21,5.75,26,false,100,9,false,true
gen5_286,5,88.74,14.019,18.483,0.305,19.148,79.2,16,9.93,25,105,sma,21,5.40,20,false,136,1,true,false
gen5_288,5,86.12,16.220,19.255,2.002,5.935,75.0,16,5.01,27,90,sma,21,5.43,20,false,153,1,true,false
gen5_290,5,45.78,-2.406,-1.088,1.892,0.602,17.8,9,1.35,4,105,sma,21,5.04,20,true,100,9,false,true
gen6_elite0,6,89.36,14.167,24.730,0.229,34.579,79.2,16,16.23,25,105,sma,13,5.23,26,false,136,1,true,false
gen6_elite1,6,88.91,12.779,19.668,0.574,31.097,83.3,12,12.59,20,133,sma,24,5.94,26,false,100,3,true,true
gen6_elite2,6,88.75,14.057,19.468,0.219,20.198,79.2,16,11.65,25,105,sma,21,5.75,20,false,153,1,true,false
gen6_elite3,6,88.75,14.057,19.468,0.219,20.198,79.2,16,11.65,25,105,sma,21,5.75,20,false,136,1,true,false
gen6_292,6,83.27,8.950,17.691,2.723,79.708,61.1,11,28.20,34,133,sma,25,5.94,29,true,150,3,true,true
gen6_294,6,58.97,-3.357,2.803,1.991,4.486,33.3,8,4.49,25,105,ema,21,5.75,20,false,133,6,false,false
gen6_296,6,78.79,5.634,8.855,4.815,3.123,55.6,15,2.39,20,105,sma,24,4.62,33,false,100,1,true,true
gen6_298,6,65.39,-0.933,5.857,1.856,5.613,33.3,10,5.61,25,105,ema,21,5.75,20,false,136,1,false,false
gen6_300,6,87.93,14.661,19.374,0.281,19.253,75.0,14,14.74,25,105,sma,21,5.75,20,false,136,3,true,false
gen6_302,6,70.54,9.260,14.432,3.230,14.826,54.8,15,6.45,34,112,ema,17,5.75,22,false,159,11,true,false
gen6_304,6,85.99,17.451,15.678,0.710,7.968,78.3,12,6.10,22,105,sma,24,5.75,20,false,120,1,true,true
gen6_306,6,80.59,5.557,12.439,1.549,6.428,75.6,9,5.15,20,105,sma,21,5.94,26,true,114,3,true,true
gen6_308,6,78.72,9.366,7.081,0.165,14.471,75.0,8,7.28,25,105,sma,21,5.75,15,false,136,1,false,false
gen6_310,6,76.80,10.880,11.267,1.731,16.457,58.3,16,6.44,33,105,ema,17,5.75,17,true,136,1,true,false
gen6_312,6,72.91,3.018,7.939,0.169,6.967,83.3,7,6.97,25,105,sma,13,5.23,20,false,136,1,false,true
gen6_314,6,82.87,10.267,9.305,0.178,15.711,75.0,8,7.80,25,105,sma,21,5.55,20,false,136,1,false,false
gen6_316,6,86.20,10.875,10.159,0.341,47.118,75.0,12,15.71,20,133,sma,21,5.26,16,false,100,0,true,false
gen6_318,6,83.91,9.573,8.222,0.063,7.225,83.3,7,7.22,26,105,sma,10,5.75,20,false,136,1,false,false
gen6_320,6,88.50,13.982,16.104,0.170,22.417,79.2,16,12.99,25,105,sma,17,5.83,17,false,136,1,true,false
gen6_322,6,86.02,12.875,7.221,0.179,13.511,83.3,6,13.51,20,133,sma,21,5.94,20,false,136,1,false,true
gen6_324,6,70.40,4.168,6.782,1.073,5.180,72.2,7,4.29,34,105,sma,22,5.75,20,false,136,1,false,false
gen6_326,6,83.98,9.452,12.479,1.492,5.548,75.0,12,4.59,35,133,sma,24,5.40,20,false,132,0,true,false
gen6_328,6,89.20,13.932,25.855,0.285,19.921,79.2,16,11.50,25,105,sma,21,5.75,26,false,136,1,true,false
gen6_330,6,67.47,2.792,8.865,1.661,35.355,47.2,9,34.48,24,104,ema,17,4.56,26,false,154,1,false,false
gen6_332,6,73.57,16.144,13.844,0.975,28.534,72.6,14,11.98,16,133,sma,24,5.75,20,true,130,1,true,false
gen6_334,6,73.17,5.374,6.500,3.230,3.221,50.0,16,2.66,39,105,ema,13,5.23,19,false,136,1,true,false
gen6_336,6,65.39,-0.933,5.857,1.856,5.613,33.3,10,5.61,25,105,ema,21,5.75,20,true,136,1,false,false
gen6_338,6,75.83,9.527,12.894,2.510,18.191,58.3,16,7.00,34,105,ema,21,5.75,20,true,136,0,true,false
gen6_340,6,75.97,9.149,12.260,1.344,6.298,75.0,12,4.53,25,112,sma,20,4.87,17,false,136,7,true,false
gen6_342,6,86.59,12.452,11.991,0.084,10.215,75.0,10,17.31,25,133,sma,21,5.94,20,true,136,1,true,false
gen7_elite0,7,89.36,14.167,24.730,0.229,34.579,79.2,16,16.23,25,105,sma,13,5.23,26,false,136,1,true,false
gen7_elite1,7,89.20,13.932,25.855,0.285,19.921,79.2,16,11.50,25,105,sma,21,5.75,26,false,136,1,true,false
gen7_elite2,7,88.91,12.779,19.668,0.574,31.097,83.3,12,12.59,20,133,sma,24,5.94,26,false,100,3,true,true
gen7_elite3,7,88.75,14.057,19.468,0.219,20.198,79.2,16,11.65,25,105,sma,21,5.75,20,false,153,1,true,false
gen7_344,7,66.93,6.059,18.722,4.196,9.741,54.2,18,4.65,25,104,ema,18,5.55,31,true,136,1,true,false
gen7_346,7,68.59,0.677,8.500,1.454,6.667,66.7,9,6.67,20,163,sma,13,5.94,29,false,136,1,false,false
gen7_348,7,69.77,6.407,8.411,2.123,9.381,54.2,18,4.15,20,133,ema,21,5.75,15,false,100,0,true,false
gen7_350,7,67.89,8.412,18.129,3.307,14.818,58.3,16,5.29,25,133,ema,13,5.23,29,true,136,1,true,false
gen7_352,7,68.66,8.686,18.591,3.295,6.010,66.7,16,4.58,25,132,ema,21,5.23,29,false,150,1,true,false
gen7_354,7,88.22,13.831,12.365,0.295,27.498,83.3,12,11.39,20,133,sma,21,5.94,16,false,100,3,true,false
gen7_356,7,52.30,-0.076,4.805,6.748,3.389,44.8,17,1.63,25,105,ema,8,5.94,26,false,152,3,true,true
gen7_358,7,70.98,6.429,12.242,0.926,14.313,75.0,8,7.04,25,105,sma,25,5.23,29,false,150,1,false,false
gen7_360,7,65.39,-0.933,5.857,1.856,5.613,33.3,10,5.61,25,105,ema,21,5.75,20,false,136,1,false,false
gen7_362,7,82.80,11.734,20.954,1.304,6.730,72.2,14,5.29,19,105,sma,21,5.23,26,false,136,0,true,false
gen7_364,7,67.21,3.665,8.384,2.828,6.639,45.8,20,3.65,17,130,ema,17,5.83,17,false,136,1,true,false
gen7_366,7,72.56,6.796,6.241,0.173,6.768,83.3,6,6.77,20,133,sma,24,5.26,16,false,100,0,false,true
gen7_368,7,67.09,1.408,9.449,0.591,9.690,72.2,6,6.57,28,105,sma,24,6.39,26,false,161,3,false,true
gen7_370,7,67.46,6.444,14.544,3.617,15.864,50.0,18,6.38,20,133,ema,23,5.94,26,false,150,3,true,true
gen7_372,7,67.81,7.141,14.203,3.101,17.892,50.0,20,7.24,10,133,ema,24,5.94,26,false,153,3,true,true
gen7_374,7,85.74,14.668,7.773,0.179,12.679,83.3,6,12.68,20,133,sma,21,5.94,20,false,100,3,false,false
gen7_376,7,69.88,5.441,6.278,0.981,9.938,58.9,10,8.89,11,133,sma,24,5.94,20,false,136,0,false,true
gen7_378,7,66.84,0.255,6.442,1.506,14.864,41.7,10,14.86,25,105,ema,21,5.55,20,false,136,1,false,true
gen7_380,7,65.31,6.361,5.747,0.175,3.724,55.6,6,3.53,25,105,sma,21,5.42,23,true,136,1,false,false
gen7_382,7,69.89,7.244,5.905,0.376,11.059,66.7,6,11.06,20,133,sma,21,5.83,17,true,100,1,false,false
gen7_384,7,81.69,6.253,8.379,0.176,7.608,91.7,9,6.98,20,128,sma,21,5.26,16,true,100,0,true,true
gen7_386,7,88.38,18.183,22.225,0.850,9.615,88.9,14,8.14,19,105,sma,21,5.75,26,false,153,1,true,false
gen7_388,7,66.74,2.585,5.633,1.706,5.971,47.2,9,4.92,20,133,ema,21,5.75,20,false,136,1,false,false
gen7_390,7,89.20,13.932,25.855,0.285,19.921,79.2,16,11.50,25,105,sma,21,5.75,26,false,171,1,true,false
gen7_392,7,71.68,7.287,8.236,0.358,14.284,72.2,7,8.86,28,105,sma,21,5.55,20,false,136,1,false,false
gen7_394,7,85.69,11.305,18.485,0.638,29.563,58.3,12,19.25,25,133,sma,22,5.94,26,false,136,2,true,false
gen8_elite0,8,89.36,14.167,24.730,0.229,34.579,79.2,16,16.23,25,105,sma,13,5.23,26,false,136,1,true,false
gen8_elite1,8,89.20,13.932,25.855,0.285,19.921,79.2,16,11.50,25,105,sma,21,5.75,26,false,136,1,true,false
gen8_elite2,8,89.20,13.932,25.855,0.285,19.921,79.2,16,11.50,25,105,sma,21,5.75,26,false,171,1,true,false
gen8_elite3,8,88.91,12.779,19.668,0.574,31.097,83.3,12,12.59,20,133,sma,24,5.94,26,false,100,3,true,true
gen8_396,8,88.59,13.478,18.632,0.289,14.855,79.2,16,8.94,25,105,sma,21,6.08,20,false,153,1,true,false
gen8_398,8,88.79,16.226,23.487,0.365,21.100,79.2,15,13.31,25,105,sma,20,5.75,26,false,136,1,true,true
gen8_400,8,86.07,14.139,17.727,0.890,7.616,80.6,14,5.33,21,105,sma,21,5.75,20,false,153,1,true,false
gen8_402,8,65.83,4.472,15.363,4.335,8.874,45.8,20,5.03,17,133,ema,13,5.23,27,true,136,1,true,false
gen8_404,8,71.10,9.164,15.615,2.083,16.094,66.7,16,5.50,20,105,ema,13,5.23,26,false,136,1,true,true
gen8_406,8,86.99,12.054,15.336,1.302,10.962,77.8,9,7.15,25,105,sma,21,5.75,29,true,136,1,true,false
gen8_408,8,78.28,9.167,21.789,1.086,20.912,75.0,16,9.42,25,105,sma,21,4.59,26,false,142,1,true,false
gen8_410,8,79.34,10.794,17.164,1.870,5.486,64.4,11,5.35,16,105,sma,21,5.75,26,true,117,1,true,false
gen8_412,8,84.64,10.319,18.354,2.301,58.968,63.9,13,20.77,19,133,sma,24,5.75,26,false,153,1,true,true
gen8_414,8,88.79,16.188,23.493,0.379,19.290,79.2,15,12.23,25,105,sma,21,5.75,26,false,117,1,true,true
gen8_416,8,83.89,12.814,16.621,0.947,7.986,72.2,16,5.96,16,105,sma,24,5.55,20,false,136,3,true,false
gen8_418,8,88.52,13.371,17.964,0.447,31.124,80.6,10,13.65,19,133,sma,21,5.75,29,true,136,1,true,false
gen8_420,8,85.16,12.017,20.860,1.441,23.210,72.2,14,8.24,19,105,sma,21,5.75,26,false,153,1,true,true
gen8_422,8,71.70,10.098,13.183,1.711,6.677,70.8,16,4.68,19,105,ema,21,5.75,19,false,153,3,true,false
gen8_424,8,86.01,9.930,17.459,1.665,32.697,72.2,11,11.07,25,125,sma,21,5.75,30,false,201,1,true,false
gen8_426,8,71.15,2.562,9.192,0.682,9.435,75.0,7,5.56,25,105,sma,21,6.92,26,false,136,1,false,true
gen8_428,8,87.44,19.525,24.140,1.373,8.470,87.5,16,7.75,25,99,sma,18,5.86,24,false,171,1,true,false
gen8_430,8,62.49,-1.084,4.407,1.859,5.552,33.3,8,5.55,25,105,ema,21,5.70,26,true,171,1,false,false
gen8_432,8,78.35,10.630,11.436,0.827,6.702,72.2,7,6.52,19,122,sma,21,6.43,30,false,153,1,false,false
gen8_434,8,70.57,9.445,18.292,2.468,6.491,70.8,16,4.60,19,105,ema,21,5.99,26,false,136,1,true,false
gen8_436,8,83.10,11.203,11.792,0.249,14.400,91.7,7,9.24,20,105,sma,19,5.75,20,true,153,0,true,false
gen8_438,8,71.22,6.729,10.068,0.661,8.498,72.2,7,5.96,19,105,sma,21,5.55,26,false,168,1,false,false
gen8_440,8,66.83,3.701,5.809,3.245,4.650,62.5,16,1.73,38,113,ema,21,4.82,20,false,153,1,true,false
gen8_442,8,86.79,12.092,13.569,1.180,11.263,77.8,9,7.30,25,105,sma,19,5.75,26,true,153,1,true,false
gen8_444,8,87.33,13.939,21.126,0.713,10.641,72.2,13,8.38,28,105,sma,21,5.55,26,false,136,1,true,true
gen8_446,8,88.20,18.279,14.096,0.557,9.684,88.9,14,8.18,19,105,sma,21,5.75,17,false,153,0,true,false
gen9_elite0,9,89.36,14.167,24.730,0.229,34.579,79.2,16,16.23,25,105,sma,13,5.23,26,false,136,1,true,false
gen9_elite1,9,89.20,13.932,25.855,0.285,19.921,79.2,16,11.50,25,105,sma,21,5.75,26,false,136,1,true,false
gen9_elite2,9,89.20,13.932,25.855,0.285,19.921,79.2,16,11.50,25,105,sma,21,5.75,26,false,171,1,true,false
gen9_elite3,9,88.91,12.779,19.668,0.574,31.097,83.3,12,12.59,20,133,sma,24,5.94,26,false,100,3,true,true
gen9_448,9,80.49,14.088,3.926,0.046,7.205,77.8,7,7.74,25,78,ema,20,5.55,10,false,136,3,false,false
gen9_450,9,65.70,3.526,5.086,0.145,14.547,50.0,3,14.55,25,125,sma,21,5.75,26,true,201,1,false,false
gen9_452,9,78.35,10.630,11.436,0.827,6.702,72.2,7,6.52,19,122,sma,21,6.43,30,false,153,1,false,false
gen9_454,9,68.53,8.062,15.679,3.176,60.321,62.5,16,20.28,23,133,ema,24,5.58,26,false,74,3,true,true
gen9_456,9,53.66,-0.831,2.042,4.770,1.045,31.1,13,2.12,20,78,sma,24,4.99,26,false,100,1,false,true
gen9_458,9,59.73,-2.065,4.263,2.074,17.345,33.3,8,17.34,27,105,ema,24,5.67,26,false,117,3,false,true
gen9_460,9,82.94,15.175,35.800,3.023,5.499,70.8,20,4.90,25,96,sma,21,5.75,34,false,136,1,true,false
gen9_462,9,86.97,11.480,22.650,1.665,33.705,75.0,12,11.23,25,125,sma,21,5.75,30,false,136,1,true,false
gen9_464,9,84.69,13.468,26.284,0.634,31.469,80.6,14,17.30,24,105,sma,13,5.23,28,false,136,1,true,false
gen9_466,9,72.19,7.134,10.164,1.010,8.722,75.0,9,5.30,20,133,sma,13,5.94,26,true,136,5,true,true
gen9_468,9,87.95,14.613,27.679,0.381,15.226,79.2,16,8.83,25,105,sma,21,5.23,30,false,136,1,true,false
gen9_470,9,86.33,10.709,19.643,1.841,11.456,69.4,16,4.58,17,105,sma,13,5.75,26,false,136,1,true,true
gen9_472,9,68.69,7.109,8.955,1.085,15.959,58.3,8,16.02,16,133,sma,24,5.75,26,false,136,5,false,false
gen9_474,9,89.20,13.932,25.855,0.285,19.921,79.2,16,11.50,25,105,sma,21,5.75,26,false,136,1,true,false
gen9_476,9,78.52,10.777,19.200,3.360,4.518,66.7,16,4.52,20,105,sma,24,5.23,26,false,100,1,true,false
gen9_478,9,88.47,14.906,25.786,0.341,20.697,75.0,14,15.38,25,105,sma,24,5.55,26,false,132,3,true,false
gen9_480,9,84.94,9.718,16.613,1.864,27.897,75.0,12,9.30,20,133,sma,21,5.17,26,false,164,1,true,true
gen9_482,9,78.35,7.719,12.829,2.000,18.011,58.3,12,6.93,20,125,sma,21,5.75,26,false,201,1,true,true
gen9_484,9,88.95,14.296,19.631,0.185,34.941,79.2,16,16.38,25,105,sma,13,5.23,21,false,136,1,true,false
gen9_486,9,66.57,6.159,17.190,4.500,13.040,54.2,18,5.24,21,129,ema,21,5.94,31,false,100,0,true,true
gen9_488,9,82.59,13.194,10.482,0.427,11.608,72.2,7,11.32,19,122,sma,21,5.75,26,false,171,2,false,false
gen9_490,9,89.20,13.932,25.855,0.285,19.921,79.2,16,11.50,25,105,sma,21,5.75,26,false,171,1,true,false
gen9_492,9,83.41,16.974,24.096,2.412,5.366,80.6,14,4.24,24,91,sma,20,5.75,26,false,136,1,true,true
gen9_494,9,71.77,7.329,6.343,0.399,9.341,66.7,6,9.34,31,108,sma,19,5.75,18,false,136,2,false,true
gen9_496,9,66.05,5.555,12.397,4.177,14.360,55.6,15,5.27,25,125,ema,25,6.06,30,false,187,1,true,false
gen9_498,9,78.15,4.448,8.650,0.509,9.328,72.2,6,9.05,19,122,sma,21,5.94,26,false,153,0,false,true
